,Vth,Mobility,S-Slope,On/Off
0,6.362262077410939,9.013557432086852,0.39707773115525313,493493999.9999999
1,8.281487219585873,12.618806875939189,0.3297020920335285,404210389.61038923
7,6.920610597570086,12.95094293099646,0.32113063498550076,340218627.4509801
8,6.952090312788145,14.897788950239475,0.2780740135349298,365834444.4444443
13,7.3901649990968625,14.683957234486975,0.426579490297307,410817241.37931055
29,4.750058398597982,10.92310318632245,0.28285808258499046,1797555555.5555532
30,4.915080204183102,10.86556778748564,0.2565457028096425,1279308000.0000005
31,4.432258735110899,10.37326735712973,0.29063219479134617,1162407407.4074054
32,4.720767328635461,10.222616001373227,0.253356323442933,1268029166.6666656
33,4.439391430737675,9.421010718970754,0.19295745168588496,1139964000.0
34,5.202680580179209,12.105384193728685,0.3051837381519533,1600136363.6363614
35,4.222002835349905,11.470284849624994,0.17860524453569582,435761728.39506125
36,4.982559016453937,11.422881478320113,0.3141538676208242,823314634.1463412
37,4.855630207317354,11.24224572976269,0.2685058754348013,1045053124.9999994
38,4.691869434881518,10.240120684046804,0.2403994697656806,1023759999.9999996
39,5.318974763651166,11.624069246534956,0.3143532038312422,2074462499.999998
40,5.417559338052783,12.04503981876021,0.3243200143522067,1652619047.6190462
41,5.324431600543402,11.680228693170234,0.39647972252399555,1473952173.9130435
42,5.401177674225934,11.450152487833824,0.38392154126757916,1272853846.1538455
43,5.145132616992761,11.465913229508716,0.39687839494483157,1051396874.9999994
44,4.585346478239842,10.353153837191858,0.35740982528180965,917520588.2352939
45,5.030131606294294,12.027850795597738,0.2290373057717794,1600031818.181817
46,5.420104757160221,12.289905938918452,0.28365542742666605,1352930769.2307692
47,5.838791171553744,11.912593796662108,0.30697776404572963,1242151851.8518512
48,5.901625082651368,11.93386435636543,0.30059900531231065,1114876666.6666665
49,5.479464138458262,11.305749347317429,0.36159588570061985,4650700000.0
50,5.418380537864532,10.626636984267469,0.3436556267628781,3046799999.999999
51,5.694961899579685,12.349799973200765,0.27388795311612313,2700453846.1538453
52,5.7673269712390365,12.369305310009972,0.30338971225818057,1132235483.8709662
53,5.864107672472812,12.196321993573132,0.30657909162489005,1013135294.1176465
54,5.757811233868196,11.818033291088813,0.3007983415227322,959308571.4285712
55,5.898403185034876,11.72208373308112,0.31315718656872704,846894871.7948714
56,5.920261795821634,10.783028397125953,0.28465210847876676,947674999.9999998
57,5.424675865153734,11.721380155830786,0.3209312987750792,1412879166.666666
58,4.903311778681562,11.855963473901953,0.34066558360659016,454951948.0519475
59,3.731275805536729,14.055127821133791,0.2908315310017642,1048810256.4102552
60,5.450808330665009,10.876658837664856,0.31016714341243556,522739999.9999996
61,6.164023612236608,11.242927395475387,0.3017950225748258,918899999.9999993
62,3.0162034356271366,18.77103639585915,0.1018608035242643,1136244827.5862079
93,5.108701151339989,11.65269680559446,0.159668304545864,3367939999.9999995
96,8.434958908090838,17.361738783573095,0.1943528051588217,1277403448.2758636
97,6.891869470264897,13.36084866377128,0.19395413273798212,1397770833.333332
98,5.7400062530299,13.267496597882573,0.19833952936720678,1117766666.666665
99,6.061246310391972,13.951627367218412,0.1911634257921122,657252542.3728805
100,6.736051672769847,14.763530483927145,0.15548224412705736,677494827.5862079
102,6.579260570586019,12.468110016653519,0.20611364157355894,678918000.0000002
103,5.978379464762327,13.123551023738436,0.22465190914255828,561709090.9090903
104,6.574451671347514,13.277709596300298,0.20252558978600987,590133870.9677413
105,6.25908611915105,13.703315778047827,0.19554882242133687,826369565.2173907
106,6.318618549036554,13.634611300712583,0.1809972790607297,992452631.5789475
107,5.3991857849758915,12.83827652025958,0.21029970199236558,1376085185.1851838
108,5.742239537055202,12.90955846093637,0.2567450390200605,919437499.9999994
109,6.1178651733315235,13.221520883507521,0.20232625357559186,685025925.9259248
110,6.112036569399436,13.344133259418415,0.19873820178804635,648919298.2456138
111,6.370022525524149,13.492480987245296,0.19534948621091885,615358333.3333329
112,6.428430851419254,13.425248381357235,0.1937547965275641,644778947.3684208
113,5.7973322184627065,12.156812119569652,0.20132957252349826,663415384.6153842
114,6.321038839174417,13.077851732189174,0.22186120219668481,576312698.412698
115,6.2487763505385026,13.482296261443981,0.20591430536314093,584517187.4999998
116,6.258107473203019,13.59849335856086,0.202724925996435,597823809.5238088
117,6.17266850093548,13.464902042044338,0.16285768391256994,798808510.6382973
118,6.04230896683012,13.508890196623112,0.20212691736517385,966994871.7948711
120,5.735480250990687,13.168390273864794,0.20252558978601343,1016381081.0810809
121,5.974832167555583,13.438902759438108,0.1925587792650454,857229545.4545445
123,5.5421079120914705,13.07146619698345,0.20770833125691368,564307462.6865664
124,6.116472586027189,13.952514299426085,0.1997348828401435,776665306.1224487
125,5.435347658474818,11.542615230250517,0.18737603779414513,644839215.6862739
126,3.999462038373256,12.99282939870263,0.12677782982667551,59504999.99999997
127,4.954036870768313,12.12025562977137,0.17880458074611383,1008591666.6666654
128,5.185002175867368,13.715232589729904,0.1997348828401435,938637209.3023245
129,4.878846672130834,13.862113403316584,0.20412027946936462,877582978.7234033
130,4.801332651406131,13.42061028948201,0.20073156389223712,877389130.4347825
131,4.414828588681473,12.121856137010028,0.18478466705869323,756671428.571428
132,4.882839758647105,12.902892515512113,0.2128910727278175,757268627.4509795
133,5.227357266593618,13.392251197783116,0.24259216808029294,677775862.0689663
134,5.387124429726761,13.464015351777716,0.20730965883607766,577920588.2352936
135,5.079104928120149,13.555136562881996,0.1638543649646671,526578947.368421
136,5.149808694105602,13.106924815178756,0.2539543320741906,562068115.9420286
137,4.170253810238467,12.046179468377561,0.13714331276847957,584760937.4999994
138,4.623882994324756,13.258241771650411,0.19315678789630653,690544827.5862076
139,4.68853662419351,13.590886846254293,0.20491762431104377,689323728.8135588
140,4.863891616983242,13.23617564933642,0.20212691736517385,860391304.3478259
141,4.811421608109356,13.10498140715076,0.2055156329423049,832361702.1276588
142,4.781679961565565,12.73075798298497,0.25873840112425484,952850000.0000002
143,4.238224684579421,11.609963036685741,0.06837232017382178,715116000.0000001
144,5.13253857658653,13.38749506383548,0.2515622975491638,985149999.9999994
145,5.5388765754033145,13.419099314153868,0.23860544387190785,692682142.8571422
146,5.592562036352202,13.340360648345866,0.24936959923454793,582240909.090908
147,5.556704751825222,13.087388079625173,0.23063199545513413,504096000.0
148,5.433017134742787,12.898672357205303,0.21368841756949664,551111764.7058821
149,5.0936759514124965,11.959305474567888,0.18956873610875746,824504651.1627892
150,5.416388056371982,11.995513928231368,0.2370107541885531,602493103.4482764
151,5.493059311347757,13.042622387458263,0.22006717630291206,540229999.9999999
152,5.530299467033981,12.78552015927586,0.2222598746175244,521676056.33802897
153,5.393043955317019,12.614955383624437,0.20212691736517385,583696825.3968251
154,5.287563982222039,12.345969727501036,0.21747580556746016,695011538.4615378
155,5.548468616301712,12.146351676840974,0.2523596423908394,2324180000.000001
156,6.049239403857765,12.022279687967103,0.25435300449503373,3052272727.2727256
157,5.5144144860752,12.733599518275362,0.29940298804979193,3046433333.33333
158,5.867304814607358,12.230056364105872,0.27049923753899563,3862955555.555551
159,6.39522479837094,12.635268819508857,0.19096408958169064,1940766666.666665
160,6.339472621948747,12.460914602153002,0.2712965823806712,3839533333.3333287
161,5.454124493640961,12.307160124516235,0.2039209432589466,2749646153.8461533
162,4.993237035721446,11.88064611182221,0.2409974783969382,1963894444.4444418
163,5.467384441065281,12.304584180446465,0.23302402998016447,1878252631.5789483
164,5.928150695913146,12.66495670309923,0.2192698314612329,1434156000.0000005
165,6.156024829717694,12.560890464056834,0.2471769009199356,1065427272.7272713
166,6.279166282747468,12.488039689561191,0.19893753799846436,992028571.428571
167,6.092912035779143,12.39464898055514,0.16425303738550667,869292499.9999998
168,4.729688327663361,11.520949456661954,0.14990083023531398,739861702.1276586
169,4.567210771844721,12.39814821894897,0.1756152013794079,910729268.2926831
170,5.251112313582475,12.213433573325906,0.1831899773753385,1227289655.1724148
171,5.446905188011275,12.13860726887995,0.1891700636879179,1206975862.068967
172,5.523262355241634,12.109817299044174,0.1784059083252778,965947222.2222213
173,5.3801598024234,11.784805115884938,0.16505038222718227,832153658.536585
174,4.263082359613932,10.934937262284517,0.15946896833544244,670847999.9999999
175,5.123353254612411,12.47896248833645,0.16524971843760383,878535714.2857133
176,5.680653985562124,12.668454095970377,0.12697716603709353,773248936.1702117
177,5.8550192103913155,12.484809986307962,0.4048518433616053,739868749.999999
178,5.854983208452964,12.38616462840196,0.1807979428503117,925813157.8947366
179,5.65424380826267,12.445264130728,0.14113003697686466,965837837.837838
180,4.925759617457448,11.613779563664583,0.1102329243618776,936248648.6486486
181,5.191534334146645,12.038726541295674,0.15787427865209125,1416384000.000001
182,5.4786747510910665,12.34321612033116,0.09229266542413583,1700961904.7619038
183,6.957992789215545,13.257034809992799,0.14292406287064097,1858468421.0526319
184,5.542233211454956,11.966718249636784,0.1825919687440809,1190606896.551725
185,5.427495460280348,11.80882228508902,0.10345549320761904,778697727.2727268
186,5.044549896999296,11.022672959089055,0.18618002053162996,815009999.9999999
187,3.3060101046860595,8.348627458674176,0.14990083023531753,246231428.57142836
188,6.174585822216365,12.240870243448247,0.1817946239024053,1176220689.6551733
189,7.25177027860569,13.237853195873882,0.21448576241116868,732606382.9787222
190,7.113049415087364,11.822102664827312,0.22345589188003956,15679549999.999998
197,6.80085708208976,11.567225066739667,0.20850567609859283,553083928.571428
215,4.767545325807312,9.013091313884706,0.16843909780431332,455249090.90909046
216,5.566933173883314,12.851747590487346,0.19674483968385204,823526666.6666662
218,5.166163448032069,13.099369183686614,0.20870501230901084,741417647.0588229
219,4.654919705137836,12.489159353727464,0.1953494862109153,623496610.1694908
220,5.252355177483672,12.807086040896248,0.1921601068442058,5338499999.999996
221,5.213425455808206,12.90438634557162,0.17342250306479556,2687571428.571428
222,5.565944134954364,12.738178678204811,0.22265854703836396,943999999.9999996
223,5.357679806111676,12.616926362495988,0.23601407313645595,733936000.0
224,5.158579010417984,12.630044594060033,0.19674483968385204,842436363.6363624
225,6.0855299748296225,12.490325304451726,0.24259216808029294,1740164999.9999995
226,5.271249867848304,13.028092435236225,0.20611364157355894,1048886111.1111103
227,4.990627770120813,12.534396396131877,0.18438599463785366,589182539.682539
228,5.219701321742253,12.88805123470539,0.16425303738550667,773699999.9999988
229,7.693432373484626,17.033370297860902,0.1977415207359492,1058117142.8571428
230,4.654242786008375,11.840439039293942,0.196346167263016,564636507.9365073
231,6.989544378849789,16.274111994359828,0.10146213110342828,1754191304.3478253
232,4.645707891697452,14.040227668380036,0.20451895189020775,1748099999.9999986
233,5.506826487664934,13.572501768357233,0.2001335552609831,745296153.8461531
234,5.9520607560373815,13.545959016980012,0.18199396011282332,659980357.1428565
235,5.0885928257669555,12.76514142082319,0.19953554662972195,626881666.6666663
236,4.846138447145815,12.603064914041305,0.24000079734484103,569810606.0606055
237,5.044876514679078,12.12730166788955,0.23282469376974646,729761224.4897956
238,4.454751291885149,13.813065577130914,0.18458533084827522,856283333.3333329
240,4.288727318642984,12.950594056834845,0.2302333230342981,1046376315.7894737
241,5.472322651944115,12.849499581077335,0.1959474948421729,1149428124.9999995
242,4.995343965968637,12.397267681801665,0.20412027946936462,931848717.9487171
243,4.513716202171068,12.060383365646617,0.1917614344233698,1098165624.999999
244,4.886468352434019,11.792126043505792,0.1698344512772465,76249406.17577179
245,4.348207997900637,10.646125338959362,0.18019993421905056,1551961904.7619033
246,4.377482402098753,10.666177053012602,0.1790039169565354,1134003448.2758632
247,4.378786741321868,10.099574686039185,0.1544855630749602,841624324.3243244
248,4.553331944296961,10.280640916315681,0.1971435121046916,1050316666.6666662
249,4.428177303506246,10.725730371936635,0.1885720550566603,1026181249.9999998
250,4.500178731273614,11.100838704884714,0.1901667447400186,1450965217.391304
251,4.38127638162533,10.808109888898581,0.19913687420888593,845123076.9230765
252,4.58577102097405,9.788105579273827,0.20671165020482007,747060000.0000002
253,4.510461381358031,10.532226137575456,0.19574815863175488,733088636.3636355
254,4.4164405034366325,10.045700348689184,0.11242562267648637,463368181.8181814
255,4.553514247542083,10.874550187012748,0.19016674474001505,566724137.9310349
256,4.500178731273614,11.100838704884714,0.1901667447400186,1450965217.391304
258,6.836035969028902,14.5107790144641,0.17960192558779298,712195555.5555547
259,4.726860916315218,10.243702259408442,0.24059880597610217,544415789.4736841
260,4.305624794399652,9.760274047574189,0.19395413273798212,441233823.52941126
261,4.37823908640625,11.19923459488945,0.18677802916288755,625992727.2727269
262,4.484510421741902,10.671109738284422,0.18538267568995437,533468852.45901644
263,5.028751855064524,10.831482713941186,0.24677822849909603,566350877.1929823
264,6.397742314183553,11.469752234350292,0.26372180638474063,607288235.2941175
265,4.713906001814497,10.58178249701687,0.2336220386114256,697823913.0434781
266,4.584320300443096,9.815180063927357,0.1997348828401435,768935897.435897
267,4.213067323225481,10.539175764328048,0.1305652178246426,607172222.2222213
268,4.15377029059788,10.55604354940697,0.14770813192070165,1180696428.5714276
269,4.950491454850788,10.655168827275947,0.22046584872374808,915122857.1428568
270,3.4855740247994866,10.355743607993375,0.136545304137222,278420168.0672267
271,3.9842852482442765,10.972789793399265,0.17820657211485624,838899999.9999996
277,7.78113741723285,13.783625256347593,0.3809314981112877,713363414.6341463
279,5.249186057718056,9.498820913759502,0.26152910807012475,585781249.9999995
303,5.789827837877869,10.532126829853246,0.3797354808487725,307913265.3061221
305,7.314401625131879,13.340377625509214,0.2120937278861419,1542961904.7619035
306,6.707723593454416,13.496808006289255,0.2942202465788917,761019047.6190475
313,7.654811999094241,13.616100397147097,0.3362801869773655,588889090.9090906
322,7.824395093804156,13.088373994968164,0.34664566991916956,572098181.8181814
324,8.296614913821493,13.777607884666825,0.40066578294279864,495876363.6363635
325,4.839852905248119,10.578665310217016,0.1792032531669534,583596363.6363633
327,8.786811349883624,18.048193442581226,0.2804660480599601,863040000.0
328,5.147753747638255,10.383853095311627,0.2427915042907145,1296466666.666665
333,4.9239602818589425,8.389801616869892,0.22166186598626325,1757799999.9999988
335,4.625132732961621,10.160178574789757,0.20850567609859283,971332258.0645149
336,5.808101721253632,10.68788981726263,0.35740982528180965,731488372.0930222
337,3.3171272908883935,12.452774230459223,0.13893733866225588,2620999999.9999986
338,4.3434464806399475,13.483464517686016,0.1951501500004973,5869385714.285715
339,3.8984864227428417,14.132494858233636,0.21707713314662058,1521649999.9999988
340,4.705898900377434,13.840611302926856,0.20252558978601343,1092743243.2432437
341,4.289758183545537,12.12394790549968,0.17382117548563158,846966666.6666664
342,4.3326563802291815,13.164921540946576,0.1971435121046916,1022258974.3589739
343,7.017760765075479,18.223884548714253,0.21129638304446274,1139302631.5789475
344,4.82088951438303,16.57781506865166,0.18717670158372712,1710999999.9999983
345,4.272163046587714,14.262371274206632,0.19335612410672454,1513671428.571427
346,4.2142517046785954,14.590708719147623,0.24677822849909958,1998304761.9047613
347,8.798664997838934,14.80208561538494,0.14970149402489952,110412426.0355029
348,8.397056033235156,17.51169235831709,0.15169485612909028,1990454999.9999986
349,3.8157523800940005,13.21797688191097,0.11581433825361742,1628952000.0000002
350,3.5945004709252792,14.043139255203693,0.16784108917305218,1443069999.9999998
351,5.272698110114224,14.655925598631526,0.16584772706885786,1103454054.0540535
352,4.0349963391166845,11.25603042700479,0.19634616726301246,761913333.3333324
353,3.8874530982555164,11.54284921370044,0.20830633988817482,949986842.1052631
354,4.005899005362611,12.962544616941226,0.17681121864192306,563666197.1830996
355,4.006379073819257,13.210697077348751,0.08332253595527206,909986666.6666657
356,4.126764786893293,13.479876562726455,0.17063179611892565,1007136585.3658534
357,3.90677231650011,12.960510146353835,0.10704354499516455,883557777.7777768
358,3.541561786224367,10.93186324362644,0.16445237359592468,98733711.04815847
359,3.667388176277047,11.552921412483352,0.17063179611892565,892109756.0975614
360,3.9627205350934034,11.881432066910518,0.08631257911155643,968702631.578947
361,3.906091681586556,12.140066975481819,0.086711251532396,708686792.4528316
363,4.139251857246755,10.036925325144102,0.14033269213518906,648999999.9999992
366,3.4923589272240205,13.728442039078656,0.5047192847816753,588735087.719298
367,8.426297318274079,15.428311258057123,0.5736896135867546,519474999.99999964
369,6.680778750755405,12.926945705038614,0.5344203801341543,704571999.9999998
372,6.702970890867093,12.543993517504664,0.5679088634845968,636066666.666666
373,5.999912642682364,12.244364427859278,0.35063239412755465,843885365.8536582
374,6.616874078097844,12.772032009720895,0.5417958199196669,808204651.1627901
375,6.882373070930221,12.96326133002643,0.529237638663254,623674999.9999994
376,6.786868899014472,12.7982147267474,0.5445865268655403,578480000.0
377,6.877700039597471,12.894848972075701,0.5204668454048011,478473972.6027387
378,6.5698112922443315,12.767109615898061,0.5240548971923502,413855294.1176469
379,6.371895889892677,12.365011123692579,0.46644673238117207,670245098.039215
380,6.604978506538679,13.096144964073963,0.5304336559257692,3247936363.6363626
381,8.320957110296682,16.840985427107945,0.4879750431064558,569531746.0317456
382,5.774996660647204,13.189019509684178,0.41581533493466694,614593442.6229504
383,6.8204265889117615,13.107810326679358,0.4421277147100149,719253061.2244896
386,8.779773291422984,16.744668284098907,0.4772108877438157,764274468.0851055
387,6.678661264290692,12.94533996655292,0.42657949029731057,459681818.1818177
389,8.341202440016609,14.544295089693316,0.46246000817278343,415227906.9767434
390,6.893973514801122,12.897149949807863,0.5045199485712573,421687951.8072293
392,5.945148998933618,13.21959023960853,0.45209452523097937,711940384.6153839
394,6.304461064698231,12.763386727782247,0.4168120159867641,593151666.6666665
395,6.1476241541522505,12.718312818244472,0.4907657500523257,451924050.6329108
397,5.446436284146575,12.701433476538345,0.24956893544496594,36774600000.00001
398,6.0695033136747085,14.192934792490377,0.45149651659972534,1892357142.8571424
399,6.522483044811487,13.733591248783712,0.43674563702869307,1144654545.4545438
400,6.140885238538942,14.027753697831773,0.5854504500014954,399209183.67346925
401,6.201312094692906,14.490899116431471,0.3755494204299694,1308180645.1612887
402,6.923503275086926,15.178423375083561,0.41003458483250554,712919298.2456138
403,6.9073726247567215,15.168776941273077,0.41860604188053685,582328571.428571
404,6.7028687776813705,15.26124180984451,0.389901627580155,580174647.8873247
405,6.096306385343063,14.608136746022549,0.46106465469985025,573736619.7183107
406,6.573139123712394,14.813225701964507,0.4955498191023864,1066073684.210526
407,6.593511328924059,14.984815207413428,0.4138219728304726,630912307.6923078
408,6.866127121834776,15.003157163689334,0.43116422313695324,586723188.4057969
409,6.668116010300633,14.215826431735955,0.42797484377024375,465685542.168675
410,6.615652679484967,14.988869717277286,0.46644673238117207,480131764.70588225
411,6.68059303469046,13.812342266013799,0.3681739806444533,503569333.3333334
412,6.172791145227521,14.752689301307226,0.4233901109306011,890936956.5217391
413,6.480451255360279,14.868082768105884,0.40525051578244486,845654166.6666663
414,6.56778725268677,14.627079924609761,0.42877218861191935,797816000.0000002
415,6.303985083905424,14.703045855096008,0.4050511795720233,780142307.6923074
416,5.380548305149613,15.3331389798423,0.40445317094076927,765380701.7543858
417,5.848783607334216,13.240101679943166,0.46784208585410525,850897727.2727262
418,5.849073446733378,14.963130845695332,0.44591510270798196,945586666.666666
419,6.638086800020691,15.165575470782244,0.382725524005064,752310909.0909086
420,6.99790125106648,15.421858191755105,0.40405449851992614,676588524.5901641
421,6.263493522294926,16.607489024432933,0.3715626962215808,593123376.6233759
422,6.438548240951956,14.321905476174344,0.7949528071521819,118676132.93051352
423,5.887097955374763,14.355774063748182,0.5890385017890409,181784753.36322823
424,6.338020932457027,13.984847662172015,0.47960292226884604,692448214.285714
425,6.281298831519891,14.581346235705638,0.4883737155272918,554167123.2876699
426,6.658103988118608,14.462530125778688,0.45368921491433767,497996202.5316448
427,6.488778441131409,13.993958772477018,0.48398831889806715,568689705.8823527
428,5.693169235328266,12.448670368108514,0.2954162638414104,517055072.46376747
429,5.981614748455058,11.161333440322359,0.26352247017431907,679756521.73913
430,6.434535058173211,11.533068137869968,0.4076425503074752,559038596.491228
431,6.176286921443779,11.643592093738642,0.4048518433616053,420733766.23376566
432,6.888605206251203,11.137758490410382,0.36877198927571087,412171232.87671155
433,6.646660309891963,11.501952715814726,0.46943677553746,422609459.4594595
434,6.813913764613339,13.059024761023421,0.4010644553636382,624399999.9999996
435,7.119663542793891,13.210675055489356,0.3883069378968038,347320792.07920754
436,7.178449128813007,12.853159789825256,0.39907109325944745,310719999.99999976
437,7.307378595602589,12.501254918037946,0.3512304027588158,290069298.2456139
438,7.024172678619259,11.118017176967538,0.44970249070594903,301541414.14141357
439,6.890332852763795,13.27199474884154,0.37814079116541777,437387654.32098687
440,7.158143006943025,13.556961831024097,0.39010096379057657,311453043.47826093
441,7.384619267662288,13.270689420269022,0.3617952219110343,275892857.14285696
442,7.644355210374474,13.383933965940205,0.45588191322895,266322307.69230768
443,7.279020055723045,12.626939468701172,0.38750959305512467,271956097.5609756
444,6.728821446279817,11.54746566462899,0.4879750431064558,312138613.8613857
445,7.2634257981739445,12.884565537881626,0.41202794693669986,380422471.91011214
446,7.5948345544405385,13.018222404499513,0.37774211874458175,336698999.9999999
447,7.571669015311201,12.560367711595042,0.35262575623174897,370976136.3636359
448,7.388213880629564,12.149975624315005,0.5150847677234793,332242708.333333
449,7.583476960006628,12.023787360446303,0.3340874886627532,338155434.7826085
450,7.236023392020709,10.92559086241551,0.5451845354967944,316993406.5934064
451,7.1620196420975475,13.139724023412509,0.4200013953534736,469762162.1621622
452,7.150986873432494,13.947250659055591,0.5172774660380917,367012999.99999994
453,7.634296341584342,13.543652136202137,0.42119741261598875,288556198.3471072
454,7.262725048513975,13.005472253508138,0.32930341961268894,309823423.4234234
455,7.7176175579448945,12.869497043494812,0.2744859617473807,291999999.99999976
456,7.335171660691685,11.838192194494662,0.32113063498550076,300609615.38461506
457,6.6748374306377265,11.921755382437249,0.5587393978053079,425644736.84210515
458,6.519786965543137,13.319052447664049,0.5392044491842185,403671111.111111
459,6.540938021932579,13.029457352929903,0.5039219399399997,308036206.89655185
460,7.363240715426262,12.733614944206145,0.5242542334027682,352481052.6315791
461,7.40932877910884,12.325135236141733,0.2655158322785134,409399999.99999976
462,5.756676247975548,11.104347741873488,0.3002003328914711,468654411.76470584
463,6.213200980935607,11.86918580000186,0.4373436456599542,360756521.7391301
464,6.859904940223512,11.676359525577201,0.4080412227283148,379754216.86747
465,6.676706246490909,11.006918720162595,0.48837371552729536,361838554.21686774
466,6.232697678812393,13.943925378131237,0.5621281133824354,461621686.7469881
467,6.270826211555908,16.024782897181083,0.5423938285509244,608845070.4225359
468,6.831791176313882,13.228302904474658,0.44312439576211204,362386868.68686813
470,6.344147516830304,13.659099839068595,0.29920365183937747,430200000.00000024
472,7.95298250645711,15.921631385181941,0.5388057767633789,557016176.470588
473,6.627054156191864,14.548894325834095,0.5920285449453324,164354166.6666665
474,7.291890476455901,14.674822221530032,0.27309060827444753,193435353.53535315
475,7.05672681834546,12.257270247873697,0.34923704065462147,378056321.83908087
476,5.831366816166732,13.388684312891474,0.396081050103156,556833823.5294116
478,7.226870127206073,13.293611575122243,0.5148854315130613,424438554.2168675
479,6.658966681544456,13.165523313607558,0.42059940398473117,412625287.35632217
480,6.677647338128342,12.272130445884667,0.38750959305512467,376250561.79775256
481,6.384017249984733,11.560328256262181,0.5202675091943831,424148000.0000001
482,6.645809381202888,13.950405466455043,0.5519619666510529,461419512.1951222
484,7.457257396944122,14.820758177946754,0.45189518902056136,367023076.9230767
485,7.057895641160464,13.843010886904036,0.4656493875394929,327956637.1681414
487,8.131567152905145,13.649660681892195,0.5431911733926036,443087999.9999998
490,7.04956382451784,13.28643418014075,0.512692733198449,435969135.80246836
491,7.213163949958329,12.903173735684323,0.4503004993372066,384735955.05617934
492,7.1514878729975955,12.262265695483443,0.5232575523506746,368334831.4606738
494,8.008983103389948,12.796311283995,0.12617982119541793,29665999999.99998
495,5.527580780037361,11.59019584220356,0.20631297778397695,1401174999.9999993
496,5.66089487104448,11.608513791439972,0.36279190296313146,1001930303.0303023
497,5.706086601156084,11.53384471038149,0.28544945332044236,972108823.5294113
498,5.556889841975547,11.36527176681613,0.25534968554712734,1364191666.6666656
499,5.842973882459816,9.086236859257045,0.2114957192548843,1298399999.9999993
501,7.173227899512867,14.252478011771789,0.3741540669570327,1111551515.1515136
502,5.78847384131107,12.337772340498907,0.31654590214585454,709667999.9999999
503,5.380375373339037,12.950130146517798,0.316346565935433,798034042.5531905
504,8.563830778003222,15.241561504406265,0.289635513739249,932812500.0000001
505,5.56328081656309,12.85578634624364,0.3709646875903232,954366666.6666658
506,5.866309144677878,13.20386024179021,0.34485164402539326,672151785.7142855
507,6.027412520911618,12.686623528703741,0.339469566344075,602306666.6666665
508,5.836458255710326,12.406508211993653,0.3621938943318739,673477358.4905671
509,5.331539925354168,12.659403556543845,0.3374762042398807,641250000.0000004
510,5.114593274225925,12.329199503039293,0.2455822112365844,665552727.2727268
511,5.560493711829096,12.903995592789792,0.36398792022564663,825526666.6666658
514,5.467028672011818,12.415935297959198,0.32551603161472187,951294736.8421052
515,5.324621959226125,12.043077516421274,0.3049844019415353,1070433333.3333322
516,5.109575377917324,12.067562486975534,0.3063797554144685,1272360714.2857132
517,5.3448365272635066,12.87421497809315,0.35860584254432837,1019467567.5675676
518,7.266014506268611,15.509259018621131,0.3605992046485227,670650909.0909083
519,6.129485524273445,13.074898917595267,0.40305781746783254,636760344.8275869
520,5.80507086115222,12.747671291299076,0.3508317303379762,631039655.1724144
521,5.602073499298328,12.372357138695989,0.35641314422971604,546165151.5151509
522,6.075264377194863,13.640004186668781,0.3021936949956654,555131818.1818177
524,3.878387164531354,12.005957976766245,0.1951501500004973,524016666.6666661
525,5.026353182483472,12.36415244062865,0.2651171598576738,558206060.6060599
526,5.178237235226785,12.666377864354674,0.2978082983664372,681950909.0909084
527,4.977788148511095,8.497060722669413,0.2495689354449695,411585483.8709672
528,5.370851782607014,11.651595367658798,0.17940258937737497,202524000.00000003
529,4.639156560558082,12.276771698840985,0.22206053840710283,674087272.7272724
532,5.355594309952572,11.701270514766424,0.2310306678759737,1223460714.2857141
543,5.27029478617991,12.752867081287585,0.30319037604776256,604338709.6774187
547,5.98265707026761,10.376175366916753,0.2535556596533546,1975060000.0000002
548,5.98265707026761,10.376175366916753,0.2535556596533546,1975060000.0000002
550,5.002078414305352,13.32903304240698,0.23541606450519836,721078181.818181
551,7.82023728211837,17.616888343781483,0.2455822112365844,725114814.814814
557,4.883681915389804,13.290136330055066,0.21807381419871774,1654195833.3333316
561,5.022351138911418,11.521600176444178,0.21887115904039334,632837037.0370365
562,4.345277215347689,10.679615423416987,0.1443194163435777,152492093.02325565
563,4.25848482853986,12.636275723898455,0.20252558978601343,525598630.13698506
565,4.542043390696487,12.747006036075344,0.18637935674204797,448477333.33333325
573,5.437243200335118,13.605225173616034,0.29182821205386134,487464197.5308634
578,5.544996318249204,17.3190660889647,0.19216010684420937,434836363.63636327
579,7.291331581910022,17.653334540015187,0.2603330908076096,696821153.8461533
580,5.2110710508116345,12.241428870031402,0.30996780720201755,736624999.9999989
581,7.476521010497329,14.052802434246276,0.32252598845843394,574268852.4590162
583,5.322089992153781,11.732563646753743,0.3023930312060834,749070454.5454535
587,6.312934142579429,12.778163961391234,0.3085724537290808,459381818.1818179
589,6.0899388565390105,13.574725827139147,0.3885062741072218,474650666.6666664
596,4.22695516247612,10.634624294096927,0.1419273818185438,299233636.3636362
597,4.435145939357739,10.539892098333594,0.19534948621091885,419562337.6623372
598,4.710753217956626,10.901867579022777,0.2250505815633943,399865060.2409641
599,4.414020348558626,11.116075134173819,0.19136276200253022,451465789.4736843
601,4.545590535100612,10.636132419313954,0.20073156389224067,590039999.9999998
602,5.222884302693686,11.045856657846421,0.21368841756949308,454708333.33333284
603,5.675081036598947,10.968262981205074,0.19534948621091885,391893827.16049296
604,4.964842881890672,11.022610369518334,0.19355546031714255,474352857.1428568
605,5.078581656895135,11.26296199956283,0.28465210847876676,466844444.4444437
606,4.972130653483305,10.662224768136433,0.21269173651739592,514427419.35483825
607,4.87634474022332,10.073623945607666,0.2603330908076096,424112676.0563386
608,5.330881859801341,9.992556303893402,0.2724925996431864,351026190.47619003
609,5.993438679927646,9.899310523427456,0.3314961179273048,291537113.40206146
610,5.243416041768498,10.267901894235413,0.223256555669618,415136986.3013692
611,4.907351703927304,10.893418925954597,0.2294359781926154,453254166.66666603
612,4.8006015457702205,9.912624043727284,0.17063179611892565,404543835.6164375
613,4.903202403803455,11.298988838647963,0.23222668513848888,498761764.7058818
614,5.384892390929071,11.091036079701935,0.2934229017372125,435923999.99999976
615,5.6029330353703415,11.038860009937876,0.27907069458702694,393153658.5365855
616,4.754264069885036,13.003309458107914,0.2535556596533546,453768604.65116215
618,4.516684887479737,10.657124595149613,0.19355546031714255,434302666.6666663
619,4.6679363330881,10.686224349029946,0.12897052814128784,445217808.21917725
620,4.679746606934213,10.938631154782131,0.18618002053162996,340568367.34693855
621,4.6382151760770896,11.048748805912577,0.20412027946936462,454758108.10810816
622,4.330458209424439,11.359896720457165,0.20451895189020775,432822222.22222173
623,4.356790940829303,11.412222730623402,0.1917614344233698,464136842.1052631
624,4.048936112662979,11.089728405161509,0.08431921700736567,137912350.59760943
625,4.166503807795099,10.904435175981217,0.166645071910537,345154081.63265306
626,4.423512882491547,10.393972220199458,0.18538267568995082,652402040.8163264
627,4.679376383522701,11.365605927853995,0.11840570898906577,259370895.5223876
628,4.703872340666582,11.16617301236012,0.16505038222718227,425877499.99999994
629,4.85358172117558,11.33741705649263,0.19515015000050084,428479999.9999999
630,4.651098802458204,11.327141224279117,0.19295745168588496,449540259.74025923
631,4.2482517296758004,10.94896570247816,0.08890394984701189,460587837.83783764
632,5.336316836661773,11.54734281990059,0.2402001335552626,487961428.5714283
633,5.419245642934833,11.599680972697723,0.28206073774331486,455749333.3333331
634,5.209006581297324,11.406539896329837,0.2517616337595783,446952631.57894754
635,5.116725866830578,11.31344487855233,0.24817358197203276,451094666.66666675
636,4.968602316450742,11.294461077635392,0.20431961567978618,460154054.054054
637,4.5021377581016395,10.631937467667656,0.18677802916288755,419298717.9487175
639,4.931270499249891,10.805934040069571,0.2065123139943985,707013043.4782602
640,4.44621256491466,10.865944813049294,0.19495081379007928,190615909.0909088
641,4.624253883859932,11.140729600303791,0.14711012328944761,725765957.4468075
642,4.617764924818999,11.010140734225828,0.07973448416771944,803109523.8095235
643,3.6531154847468272,10.207560454050938,0.1536882182332846,264254166.6666664
644,5.14359082537489,11.658348883000444,0.2138877537799111,991845714.2857144
645,5.19257348618024,11.592472160345855,0.21189439167572033,864827499.9999995
646,4.9301820350763705,11.64533643528394,0.20511696052146178,855009756.0975608
647,4.546375086058276,12.148575217805684,0.2904328585809246,408186813.1868131
648,4.491213862759977,12.33810084332209,0.18996740852959704,920846341.4634147
649,4.175966186538577,11.801311280958624,0.10764155362642569,238961038.96103868
650,4.509270448954744,11.452426367931077,0.12378778667038759,901041025.6410247
651,4.689271159867776,11.641182202641414,0.18797404642540272,985466666.6666653
652,4.607423672438269,11.501675215053208,0.07853846690520427,904494871.7948714
653,4.3479288322798055,11.518023873725614,0.08531589805946282,350206862.7450978
654,4.306080878031171,12.151263768316372,0.09408669131791214,940974999.9999998
655,5.954646649493373,11.399556119512775,0.22186120219668481,162667724.8677246
657,6.294219960764533,11.769873514283944,0.3233233333001131,572736842.105263
662,6.021787848839654,11.595639673535407,0.389702291369737,630580769.2307684
666,3.7516084815355377,10.738064063295843,0.18717670158372712,498004411.7647055
667,2.5662855248624545,14.490024665051513,0.34465230781497525,750666666.6666658
668,5.654736184818432,11.508100503282973,0.33588151455652593,743463636.3636357
670,5.542272210464741,11.055216340245323,0.3303001006647861,1060266666.6666667
672,3.975769491501346,10.746481919622978,0.14531609739567486,576724137.9310352
673,5.357957596281263,11.63211358576593,0.2874428154246367,869920512.8205124
677,5.338423160700096,12.002293395598068,0.3468450061295876,530406060.6060599
680,4.281196569714595,11.946633601230415,0.20232625357559542,558451515.1515145
684,2.922328234498309,13.724740500901,0.22166186598626325,130224035.60830833
685,3.5018890403679173,12.291007514720457,0.23880478008232586,196626130.65326652
686,4.765838417574983,14.123729602533327,0.29920365183937747,982516279.0697665
687,8.769799924939253,18.502307794180126,0.30737643646656565,988073170.7317073
688,6.877839461929248,15.054407702191503,0.35103106654839067,997852499.9999995
689,7.282664887819795,16.461917108641586,0.30657909162489005,1115918421.052632
691,6.235142279291313,15.595633061762156,0.2716952548015108,1067643589.7435886
692,8.286161417502218,17.320413209785617,0.3249180229834643,1247518181.81818
693,8.477635530774226,17.050476949346567,0.3215293074063368,1118277777.7777767
694,7.069127106732644,15.481939038860615,0.3336888162419136,845555319.1489348
695,8.571943455756134,17.569352698416164,0.3271107212980766,1105497222.2222214
696,7.393567518877198,15.774236957281675,0.24518353881574484,814255769.230769
697,4.951845506866626,14.05354709953067,0.31893793667088843,991883333.3333324
698,5.623138943071702,13.910003549600301,0.4283735161910833,927748837.2093008
699,4.891476109139415,13.779963872362757,0.31973528151256403,1077642105.2631578
700,4.824630946343525,13.396634386081079,0.302991039837341,1145645714.2857144
701,4.48932910629469,13.101503892619668,0.25674503902006407,949588095.238095
702,4.947390401972864,14.41354935690985,0.3189379366708849,1017878571.4285706
703,5.193676026003843,14.166921660545318,0.3035890484685986,1302578124.9999986
704,4.859564347111075,14.283912673082801,0.28883816889756986,869695918.3673462
705,5.110596421150078,13.921815820281761,0.3448516440253968,1112332432.4324322
706,4.746466967797581,13.671607873704524,0.2603330908076096,1060699999.9999993
707,4.461482618224519,13.55822693307861,0.23382137482184362,862662499.999999
708,3.7719949748133423,13.00087225344097,0.23641274555729197,384814018.6915885
709,5.05536777762914,13.708964015248162,0.3273100575084982,753353703.7037027
710,3.406992329153759,14.327134502447139,0.23182801271765285,600496052.6315792
711,5.246675828296226,13.62368728151826,0.33468549729401076,975097560.9756099
712,8.673202728719293,18.09419013982869,0.32432001435221025,881004166.6666663
713,4.156470250744103,11.712247680739429,0.22624659882590947,558320000.0
714,5.487368942355186,10.232770908658361,0.40923723999082995,661131111.1111109
715,5.750017963484243,13.006008351857972,0.38432021368841873,552841791.0447756
716,5.710752571775853,13.034167869937404,0.37694477390290615,679072727.2727265
717,5.838423636720147,13.010305122883645,0.3689713254861289,570092307.6923078
718,5.838824466464821,13.107665378295726,0.3980744122073503,702888679.2452842
719,6.205658693488111,14.304495169018065,0.4287721886119229,875176086.9565212
720,5.81682066899436,13.838459873558593,0.43056621450569565,661891666.6666667
721,5.673452053224096,15.056416320451213,0.4291708610327589,561797402.5974019
722,5.804901201685993,14.723783740305155,0.3984730846281863,650180000.0
723,5.594062332854737,14.011012932220186,0.48259296542513397,264924836.60130683
724,5.12278325085607,8.479301133811832,0.2916288758434433,323114473.6842106
725,6.0313396155874734,14.186100501220622,0.3920943258947709,694977586.2068971
726,5.64985851050918,14.383025049128685,0.3667786271715201,801182692.3076917
727,5.769881342128265,14.611242716134802,0.42398811956185867,559105333.3333333
728,5.851704846206381,14.400143233524531,0.41940338672221245,606380882.3529409
729,5.987714388137537,13.685617124940029,0.4186060418805404,777772000.0
730,5.438460262529535,13.332963421796455,0.3799348170591941,860059999.9999996
731,5.126602247609522,13.976389671834601,0.3287054109814349,795115384.6153845
732,5.8472799643316336,14.304427716949082,0.41322396419921503,671585245.9016389
733,5.945103402860404,13.622530514406613,0.41880537809095486,857039999.9999993
734,5.398473424377006,13.835275883660843,0.3424596095003629,818402040.8163266
735,5.440015811571474,13.129704956094548,0.31016714341243556,862377272.727272
736,5.898289899195543,13.413882487498801,0.39727706736567114,851446666.6666664
737,5.757714538879522,14.61938312214468,0.4172106884076001,647964615.3846155
738,5.7142852212951745,14.190820441477257,0.39309100694686805,650958730.1587294
739,5.7603663732002595,13.91116003646999,0.4475097923913367,654006557.3770491
740,5.952499479997833,13.356762939813537,0.41840670567011884,646245762.711864
741,5.339468038756419,12.110679680311058,0.36956933411739,508851428.5714285
742,5.042153464267404,13.077051881323063,0.32172864361675835,756041176.470588
743,5.799467776348436,13.809302467662492,0.4166126797763461,734764814.8148142
744,5.694620281476126,13.839155875265249,0.4122272831471214,675945762.7118639
745,7.65156903375528,15.842934645416587,0.35681181665055206,748817307.6923071
746,5.652941712799549,14.0965207060093,0.42657949029731057,675061666.6666666
747,5.108685834352553,12.014923848910106,0.37216070485283836,665907547.1698127
748,3.7284601901688355,13.7404436564817,0.17940258937737497,492264367.8160923
749,3.4613991407662965,12.968675902338646,0.1937547965275641,208986224.4897958
750,3.877201712311397,13.585398769855349,0.2497682716553875,649230769.230769
751,4.244737049594303,13.29104254705302,0.21269173651739592,714608771.9298246
752,4.843335942171329,14.195791964480824,0.2507649527074811,859620408.1632646
753,5.57019693574458,14.351038459269763,0.40644653304496003,556805405.4054052
754,5.526841157548514,13.926215974272377,0.382924860215482,583511594.2028979
755,5.072248428762208,14.124162950887484,0.3426589457107845,587212676.0563389
756,4.729894790530945,14.113537776092643,0.25973508217635555,604810000.0000001
757,4.259791002922295,13.033954040746826,0.21109704683404473,523431999.9999997
758,5.566453921214535,13.804711704319079,0.31973528151256403,593074626.865671
759,5.353298628642527,13.821705789605907,0.36498460127774734,541213513.5135133
760,5.508062848049725,13.455488560228442,0.3484396958129423,575061764.7058822
761,5.361240790116739,13.937276569480835,0.36956933411739,589046376.8115935
762,4.96548540101989,13.719369160747368,0.29820697078727676,557763013.6986288
763,5.003282034352747,13.607139391063264,0.3239213419313671,659934999.9999996
764,5.152949744721923,13.386613856389816,0.3484396958129423,636450819.672131
765,5.304266187969617,13.70343524624652,0.352825092442167,602159090.9090904
766,5.014768225233588,13.539514638148525,0.32790806613975576,629488888.8888885
767,5.105518338710645,13.342083903561992,0.34923704065462147,642837704.9180329
768,3.213214059882393,13.498482993026744,0.296412944893504,548912658.2278473
769,4.441101817910585,14.217369261497907,0.19993421905056152,451890526.31578964
770,5.42574349740779,14.361568407844818,0.3580078339130708,584623943.6619726
771,5.5968900032901985,14.033244356432915,0.3757487566403874,569857746.4788741
772,5.664825301860137,13.106544691637277,0.353024428652585,545652173.9130429
773,5.396841049201363,13.87243474131514,0.3239213419313707,642322222.2222216
774,3.175874018870399,14.02818898153666,0.1393360110830919,358592063.49206316
775,4.984076452633062,10.863724092502858,0.28265874637457244,163847208.12182766
776,5.321113034241311,14.231529964061423,0.3107651520436967,644718749.9999994
777,5.320468315180076,14.289124723706838,0.3434562905524601,636279999.9999998
778,5.090794065487653,14.033236634405014,0.2679078668035437,641239062.4999994
779,5.337933935290138,13.590917445672194,0.3255160316147254,573750724.6376804
780,4.652149806417345,11.987266350256473,0.24518353881574484,557824615.384615
781,5.438184459579418,10.453954675811255,0.33647952318778707,1757847058.823529
782,5.457089500397576,12.119400096040485,0.3803334894800301,834266666.6666659
783,6.287356478648981,12.90467552701162,0.3308981092960437,1616085714.2857127
784,4.617901407805501,14.281933272003663,0.36458592885690777,2239373684.210528
785,6.9192879986102565,18.485966246767795,0.3426589457107809,8301620000.000003
788,6.000862902449445,14.114492286796343,0.30079834152272866,3403345454.545454
789,8.06159423591151,17.167321930898687,0.3584065063339068,2120873684.2105267
793,5.926478344538538,13.636433080880701,0.40843989514915435,657080701.7543858
794,5.4316635817914936,13.625815579818221,0.3875095930551282,541830136.9863003
795,5.50817448477768,13.93279037919094,0.38432021368841873,504397499.99999964
796,5.7042661037984566,13.689512874866509,0.39966910189070504,504517948.71794826
797,5.909518141458435,13.457091410639473,0.41521732630340935,477848750.0
798,5.9218695245914645,13.348630641779927,0.40863923135957236,481078481.01265776
800,5.408874883503358,13.96038807957063,0.4132239641992186,572129577.4647899
801,6.060530800517476,14.142137005295712,0.4754168618500394,524626315.7894736
802,6.090147633218606,14.03341185235497,0.43973568018498455,436027472.5274721
803,5.437883515154077,14.431714476717847,0.3936890155781221,414388118.8118805
804,5.6663364392275675,13.719668407691179,0.4190047143013764,547193055.5555547
805,6.301733213021606,13.166313295956476,0.40245980883657495,515688405.7971012
806,5.393834931735189,14.498034181072368,0.31993461772298204,587727142.8571427
807,7.133494538004204,16.43429199681938,0.3484396958129423,628331818.1818172
808,4.5143054179964786,14.612848919621886,0.2932235655267945,590261333.3333333
809,5.5450057438138955,13.419353176523357,0.3757487566403874,517370666.66666675
810,6.085978258563504,15.280425834359093,0.34644633370875155,462008988.76404464
811,4.869047168162329,14.191541378207962,0.3183399280396273,868566666.6666657
812,4.925394986613746,13.925165642922211,0.31295785035830903,999675609.7560971
813,4.892468446029852,13.598870244078546,0.27408728932654114,786186274.5098032
814,3.085175989530242,13.638651568996954,0.1776085634836022,984704545.4545441
817,7.2313948479719095,16.27625102457809,0.27867202216618736,644410606.060605
818,5.559307971484323,14.793585032226519,0.36538327369858337,884233333.3333323
819,3.643215144272748,14.634108846639132,0.19993421905056152,662926470.5882347
821,5.485800548237641,15.574869970072221,0.37714411011332416,870274509.8039213
822,5.416028098662604,15.141999322246075,0.39568237768231995,679206249.9999994
823,5.440436854904796,15.26797452193494,0.36657929096109854,495776136.3636359
824,7.033865805123426,16.752554397041784,0.37196136864242035,672098412.698412
825,8.648643788092794,17.03143968614457,0.3239213419313707,925651162.790696
826,4.690690684396365,15.259542340996363,0.3057817467832109,2249989999.9999986
827,4.777917957353594,14.984783348410163,0.3621938943318739,2310589473.684212
829,4.776785137174883,15.3090901773422,0.3392702301336534,1598546428.5714273
831,4.856219557027085,13.36735770825966,0.3568118166505556,1189018181.8181808
832,4.500366648475147,16.328633258837822,0.2282399609301038,1416991176.4705877
833,5.070898794412475,15.574151284143104,0.35561579938804044,818883636.3636357
834,5.173253234038874,15.362960311558485,0.34664566991916956,686732307.6923077
835,5.4109397207694485,14.660773550167148,0.4024598088365714,569193243.243243
836,5.381219154332328,15.058437554970714,0.3673766358027777,601306944.444444
837,4.880310650793874,13.73877665960361,0.36119721327978027,570521126.7605644
838,4.2538731272473775,15.003656827802171,0.26392114259515864,1134744999.9999995
839,4.832793021699562,15.462210220353407,0.3255160316147254,1009208888.888888
842,4.416981116903571,15.517662388774264,0.2505656164970631,944275510.2040809
845,6.789095802583265,12.317031806024636,0.3643865926464862,723445652.1739128
849,7.944132391247262,12.451309264798486,0.3303001006647861,36327072.75803724
854,5.446461948172182,12.332701352042925,0.21647912451536655,108565408.80503158
856,8.716515762704944,19.577801597882132,0.16564839085843985,1174499999.9999993
866,7.034034822305994,11.805646077954107,0.2495689354449695,303143877.5510203
